id,first_name,last_name,email,gender,ip_address
1,Lorene,Calladine,lcalladine0@jalbum.net,Agender,24.76.131.241
2,Angela,Asprey,aasprey1@webmd.com,Female,66.107.80.165
3,Jody,Glavias,jglavias2@zdnet.com,Genderfluid,173.221.135.255
4,Karina,Clewlow,kclewlow3@bbc.co.uk,Female,155.117.86.142
5,Kaspar,Jeeves,kjeeves4@ox.ac.uk,Male,156.232.180.84
6,Ardine,Breming,abreming5@globo.com,Female,222.2.95.149
7,Hartley,McCotter,hmccotter6@1688.com,Male,182.174.189.135
8,Bernetta,Bromwich,bbromwich7@sogou.com,Female,80.223.173.145
9,Baxy,Kemm,bkemm8@phpbb.com,Male,2.108.182.98
10,Vincenty,Ginnally,vginnally9@oaic.gov.au,Male,67.40.41.126
